{"InAs": 11.51003, "GaAs": 10.63214, "GaSb": 11.73008, "InSb": 12.38362}